"","X","Date","District","Meantemp","Totalrain","sumAOI","meanAOI","meanADI","Number.of.Sites","Total.traps","Number.of.positive.traps","Nummosquito","Nummosquito.per.trap","Nummosquito.per.1000.traps","Period","year","month"
"1",1,2010-01-01,"Hong Kong Island & Kowloon",16.9655914,24.125,0,0,NA,21,1155,0,"#VALUE!","#VALUE!",NA,"2010 ~ 2019","2010","01"
"2",2,2010-01-01,"New Territories East",16.31612903,20.16666667,0,0,NA,6,330,0,"#VALUE!","#VALUE!",NA,"2010 ~ 2019","2010","01"
"3",3,2010-01-01,"New Territories West",16.42096774,22,0,0,NA,10,550,0,"#VALUE!","#VALUE!",NA,"2010 ~ 2019","2010","01"
"4",4,2010-02-01,"Hong Kong Island & Kowloon",17.89166667,95.125,0.046,0.002190476,NA,21,1155,3,"#VALUE!","#VALUE!",NA,"2010 ~ 2019","2010","02"
"5",5,2010-02-01,"New Territories East",17.5125,65.66666667,0,0,NA,6,330,0,"#VALUE!","#VALUE!",NA,"2010 ~ 2019","2010","02"
"6",6,2010-02-01,"New Territories West",17.53928571,89.75,0.018,0.0018,NA,10,550,1,"#VALUE!","#VALUE!",NA,"2010 ~ 2019","2010","02"
"7",7,2010-03-01,"Hong Kong Island & Kowloon",20.11505376,9.625,0.298,0.014190476,NA,21,1155,16,"#VALUE!","#VALUE!",NA,"2010 ~ 2019","2010","03"
"8",8,2010-03-01,"New Territories East",19.76907021,10.5,0.052,0.007428571,NA,6,330,3,"#VALUE!","#VALUE!",NA,"2010 ~ 2019","2010","03"
"9",9,2010-03-01,"New Territories West",19.80080645,15.5,0.238,0.0238,NA,10,550,13,"#VALUE!","#VALUE!",NA,"2010 ~ 2019","2010","03"
"10",10,2010-04-01,"Hong Kong Island & Kowloon",21.14333333,92.125,0.62,0.02952381,NA,21,1155,34,"#VALUE!","#VALUE!",NA,"2010 ~ 2019","2010","04"
"11",11,2010-04-01,"New Territories East",20.64011494,90.5,0.089,0.012714286,NA,6,330,5,"#VALUE!","#VALUE!",NA,"2010 ~ 2019","2010","04"
"12",12,2010-04-01,"New Territories West",21.1075,111.375,0.494,0.0494,NA,10,550,27,"#VALUE!","#VALUE!",NA,"2010 ~ 2019","2010","04"
"13",13,2010-05-01,"Hong Kong Island & Kowloon",25.60215054,180.125,1.941,0.092428571,NA,21,1155,107,"#VALUE!","#VALUE!",NA,"2010 ~ 2019","2010","05"
"14",14,2010-05-01,"New Territories East",25.24249649,163.1666667,0.576,0.082285714,NA,6,330,32,"#VALUE!","#VALUE!",NA,"2010 ~ 2019","2010","05"
"15",15,2010-05-01,"New Territories West",25.74758065,207.5,1.189,0.1189,NA,10,550,65,"#VALUE!","#VALUE!",NA,"2010 ~ 2019","2010","05"
"16",16,2010-06-01,"Hong Kong Island & Kowloon",27.05111111,458.375,2.227,0.106047619,NA,21,1155,122,"#VALUE!","#VALUE!",NA,"2010 ~ 2019","2010","06"
"17",17,2010-06-01,"New Territories East",27.1084127,166,1.034,0.147714286,NA,6,330,57,"#VALUE!","#VALUE!",NA,"2010 ~ 2019","2010","06"
"18",18,2010-06-01,"New Territories West",26.88666667,277.375,0.862,0.0862,NA,10,550,47,"#VALUE!","#VALUE!",NA,"2010 ~ 2019","2010","06"
"19",19,2010-07-01,"Hong Kong Island & Kowloon",29.18172043,411.75,2.855,0.135952381,NA,21,1155,157,"#VALUE!","#VALUE!",NA,"2010 ~ 2019","2010","07"
"20",20,2010-07-01,"New Territories East",28.82637238,408.8333333,0.927,0.132428571,NA,6,330,51,"#VALUE!","#VALUE!",NA,"2010 ~ 2019","2010","07"
"21",21,2010-07-01,"New Territories West",28.83387097,234.375,1.134,0.1134,NA,10,550,62,"#VALUE!","#VALUE!",NA,"2010 ~ 2019","2010","07"
"22",22,2010-08-01,"Hong Kong Island & Kowloon",28.93333333,265.375,2.084,0.099238095,NA,21,1155,115,"#VALUE!","#VALUE!",NA,"2010 ~ 2019","2010","08"
"23",23,2010-08-01,"New Territories East",28.75376344,220.5,0.998,0.142571429,NA,6,330,55,"#VALUE!","#VALUE!",NA,"2010 ~ 2019","2010","08"
"24",24,2010-08-01,"New Territories West",28.4266595,177.625,0.758,0.0758,NA,10,550,42,"#VALUE!","#VALUE!",NA,"2010 ~ 2019","2010","08"
"25",25,2010-09-01,"Hong Kong Island & Kowloon",28.12777778,617,1.634,0.077809524,NA,21,1155,90,"#VALUE!","#VALUE!",NA,"2010 ~ 2019","2010","09"
"26",26,2010-09-01,"New Territories East",27.93222222,344.8333333,0.685,0.097857143,NA,6,330,38,"#VALUE!","#VALUE!",NA,"2010 ~ 2019","2010","09"
"27",27,2010-09-01,"New Territories West",27.69266667,449.375,0.673,0.0673,NA,10,550,37,"#VALUE!","#VALUE!",NA,"2010 ~ 2019","2010","09"
"28",28,2010-10-01,"Hong Kong Island & Kowloon",25.13870968,36.375,0.553,0.026333333,NA,21,1155,30,"#VALUE!","#VALUE!",NA,"2010 ~ 2019","2010","10"
"29",29,2010-10-01,"New Territories East",24.51182796,51.16666667,0.434,0.062,NA,6,330,24,"#VALUE!","#VALUE!",NA,"2010 ~ 2019","2010","10"
"30",30,2010-10-01,"New Territories West",24.65096774,24.5,0.232,0.0232,NA,10,550,13,"#VALUE!","#VALUE!",NA,"2010 ~ 2019","2010","10"
"31",31,2010-11-01,"Hong Kong Island & Kowloon",21.21444444,37.5,0.084,0.004,NA,21,1155,5,"#VALUE!","#VALUE!",NA,"2010 ~ 2019","2010","11"
"32",32,2010-11-01,"New Territories East",20.57777778,37.5,0.056,0.008,NA,6,330,3,"#VALUE!","#VALUE!",NA,"2010 ~ 2019","2010","11"
"33",33,2010-11-01,"New Territories West",20.87933333,34.75,0.091,0.0091,NA,10,550,5,"#VALUE!","#VALUE!",NA,"2010 ~ 2019","2010","11"
"34",34,2010-12-01,"Hong Kong Island & Kowloon",17.93010753,17.625,0.034,0.001619048,NA,21,1155,2,"#VALUE!","#VALUE!",NA,"2010 ~ 2019","2010","12"
"35",35,2010-12-01,"New Territories East",17.04516129,19,0,0,NA,6,330,0,"#VALUE!","#VALUE!",NA,"2010 ~ 2019","2010","12"
"36",36,2010-12-01,"New Territories West",17.59354839,21.5,0,0,NA,10,550,0,"#VALUE!","#VALUE!",NA,"2010 ~ 2019","2010","12"
"37",37,2011-01-01,"Hong Kong Island & Kowloon",13.68817204,4.25,0,0,NA,24,1320,0,"#VALUE!","#VALUE!",NA,"2010 ~ 2019","2011","01"
"38",38,2011-01-01,"New Territories East",12.34731183,8.833333333,0,0,NA,8,440,0,"#VALUE!","#VALUE!",NA,"2010 ~ 2019","2011","01"
"39",39,2011-01-01,"New Territories West",12.79870968,5.25,0,0,NA,12,660,0,"#VALUE!","#VALUE!",NA,"2010 ~ 2019","2011","01"
"40",40,2011-02-01,"Hong Kong Island & Kowloon",16.1452381,21.25,0.018,0.00075,NA,24,1320,1,"#VALUE!","#VALUE!",NA,"2010 ~ 2019","2011","02"
"41",41,2011-02-01,"New Territories East",15.6,23.83333333,0,0,NA,8,440,0,"#VALUE!","#VALUE!",NA,"2010 ~ 2019","2011","02"
"42",42,2011-02-01,"New Territories West",15.81396825,17.125,0,0,NA,12,660,0,"#VALUE!","#VALUE!",NA,"2010 ~ 2019","2011","02"
"43",43,2011-03-01,"Hong Kong Island & Kowloon",17.90193548,17.875,0,0,NA,24,1320,0,"#VALUE!","#VALUE!",NA,"2010 ~ 2019","2011","03"
"44",44,2011-03-01,"New Territories East",17.36344086,18.66666667,0,0,NA,8,440,0,"#VALUE!","#VALUE!",NA,"2010 ~ 2019","2011","03"
"45",45,2011-03-01,"New Territories West",17.66451613,28.75,0,0,NA,12,660,0,"#VALUE!","#VALUE!",NA,"2010 ~ 2019","2011","03"
"46",46,2011-04-01,"Hong Kong Island & Kowloon",22.56333333,31.25,0.16,0.006666667,NA,24,1320,9,"#VALUE!","#VALUE!",NA,"2010 ~ 2019","2011","04"
"47",47,2011-04-01,"New Territories East",22.53777778,70.16666667,0.018,0.00225,NA,8,440,1,"#VALUE!","#VALUE!",NA,"2010 ~ 2019","2011","04"
"48",48,2011-04-01,"New Territories West",22.64466667,25.625,0,0,NA,12,660,0,"#VALUE!","#VALUE!",NA,"2010 ~ 2019","2011","04"
"49",49,2011-05-01,"Hong Kong Island & Kowloon",25.91935484,169.875,1.979,0.082458333,NA,24,1320,109,"#VALUE!","#VALUE!",NA,"2010 ~ 2019","2011","05"
"50",50,2011-05-01,"New Territories East",25.59677419,204.3333333,0.959,0.119875,NA,8,440,53,"#VALUE!","#VALUE!",NA,"2010 ~ 2019","2011","05"
"51",51,2011-05-01,"New Territories West",25.84322581,169,1.363,0.113583333,NA,12,660,75,"#VALUE!","#VALUE!",NA,"2010 ~ 2019","2011","05"
"52",52,2011-06-01,"Hong Kong Island & Kowloon",28.43333333,423.25,2.554,0.106416667,NA,24,1320,140,"#VALUE!","#VALUE!",NA,"2010 ~ 2019","2011","06"
"53",53,2011-06-01,"New Territories East",28.31,466.6666667,1.326,0.16575,NA,8,440,73,"#VALUE!","#VALUE!",NA,"2010 ~ 2019","2011","06"
"54",54,2011-06-01,"New Territories West",28.302,350.625,1.404,0.117,NA,12,660,77,"#VALUE!","#VALUE!",NA,"2010 ~ 2019","2011","06"
"55",55,2011-07-01,"Hong Kong Island & Kowloon",28.72795699,219.875,3.332,0.138833333,NA,24,1320,183,"#VALUE!","#VALUE!",NA,"2010 ~ 2019","2011","07"
"56",56,2011-07-01,"New Territories East",28.59354839,226.6666667,1.137,0.142125,NA,8,440,63,"#VALUE!","#VALUE!",NA,"2010 ~ 2019","2011","07"
"57",57,2011-07-01,"New Territories West",28.47741935,200.5,1.821,0.15175,NA,12,660,100,"#VALUE!","#VALUE!",NA,"2010 ~ 2019","2011","07"
"58",58,2011-08-01,"Hong Kong Island & Kowloon",29.40645161,139.125,1.96,0.081666667,NA,24,1320,108,"#VALUE!","#VALUE!",NA,"2010 ~ 2019","2011","08"
"59",59,2011-08-01,"New Territories East",29.34408602,149,0.98,0.1225,NA,8,440,54,"#VALUE!","#VALUE!",NA,"2010 ~ 2019","2011","08"
"60",60,2011-08-01,"New Territories West",29.11228495,134.375,0.791,0.065916667,NA,12,660,44,"#VALUE!","#VALUE!",NA,"2010 ~ 2019","2011","08"
"61",61,2011-09-01,"Hong Kong Island & Kowloon",28.15509579,135.75,1.282,0.053416667,NA,24,1320,71,"#VALUE!","#VALUE!",NA,"2010 ~ 2019","2011","09"
"62",62,2011-09-01,"New Territories East",27.62333333,128.3333333,0.606,0.07575,NA,8,440,33,"#VALUE!","#VALUE!",NA,"2010 ~ 2019","2011","09"
"63",63,2011-09-01,"New Territories West",27.7547619,100.75,0.707,0.058916667,NA,12,660,39,"#VALUE!","#VALUE!",NA,"2010 ~ 2019","2011","09"
"64",64,2011-10-01,"Hong Kong Island & Kowloon",24.9344086,147.375,0.649,0.027041667,NA,24,1320,36,"#VALUE!","#VALUE!",NA,"2010 ~ 2019","2011","10"
"65",65,2011-10-01,"New Territories East",24.22473118,185.8333333,0.238,0.02975,NA,8,440,13,"#VALUE!","#VALUE!",NA,"2010 ~ 2019","2011","10"
"66",66,2011-10-01,"New Territories West",24.51741935,82.125,0.339,0.02825,NA,12,660,19,"#VALUE!","#VALUE!",NA,"2010 ~ 2019","2011","10"
"67",67,2011-11-01,"Hong Kong Island & Kowloon",23.18524904,91.875,0.336,0.014,NA,24,1320,18,"#VALUE!","#VALUE!",NA,"2010 ~ 2019","2011","11"
"68",68,2011-11-01,"New Territories East",22.53111111,97.83333333,0.145,0.018125,NA,8,440,8,"#VALUE!","#VALUE!",NA,"2010 ~ 2019","2011","11"
"69",69,2011-11-01,"New Territories West",22.78565517,93.125,0.108,0.009,NA,12,660,6,"#VALUE!","#VALUE!",NA,"2010 ~ 2019","2011","11"
"70",70,2011-12-01,"Hong Kong Island & Kowloon",17.08350019,2.5,0.072,0.003,NA,24,1320,4,"#VALUE!","#VALUE!",NA,"2010 ~ 2019","2011","12"
"71",71,2011-12-01,"New Territories East",15.77096774,0,0,0,NA,8,440,0,"#VALUE!","#VALUE!",NA,"2010 ~ 2019","2011","12"
"72",72,2011-12-01,"New Territories West",16.41032258,0.625,0.052,0.004333333,NA,12,660,3,"#VALUE!","#VALUE!",NA,"2010 ~ 2019","2011","12"
"73",73,2012-01-01,"Hong Kong Island & Kowloon",15.20215054,38.75,0,0,NA,24,1320,0,"#VALUE!","#VALUE!",NA,"2010 ~ 2019","2012","01"
"74",74,2012-01-01,"New Territories East",13.88494624,43.83333333,0,0,NA,8,440,0,"#VALUE!","#VALUE!",NA,"2010 ~ 2019","2012","01"
"75",75,2012-01-01,"New Territories West",14.25870968,45.25,0,0,NA,12,660,0,"#VALUE!","#VALUE!",NA,"2010 ~ 2019","2012","01"
"76",76,2012-02-01,"Hong Kong Island & Kowloon",16.1137931,31.875,0,0,NA,24,1320,0,"#VALUE!","#VALUE!",NA,"2010 ~ 2019","2012","02"
"77",77,2012-02-01,"New Territories East",15.06551724,48.33333333,0,0,NA,8,440,0,"#VALUE!","#VALUE!",NA,"2010 ~ 2019","2012","02"
"78",78,2012-02-01,"New Territories West",15.86551724,36,0,0,NA,12,660,0,"#VALUE!","#VALUE!",NA,"2010 ~ 2019","2012","02"
"79",79,2012-03-01,"Hong Kong Island & Kowloon",19.37634409,21.875,0.093,0.003875,NA,24,1320,5,"#VALUE!","#VALUE!",NA,"2010 ~ 2019","2012","03"
"80",80,2012-03-01,"New Territories East",18.4688172,29.5,0.017,0.002125,NA,8,440,1,"#VALUE!","#VALUE!",NA,"2010 ~ 2019","2012","03"
"81",81,2012-03-01,"New Territories West",19.34645161,24,0.05,0.004166667,NA,12,660,3,"#VALUE!","#VALUE!",NA,"2010 ~ 2019","2012","03"
"82",82,2012-04-01,"Hong Kong Island & Kowloon",23.86111111,275.25,0.888,0.037,NA,24,1320,49,"#VALUE!","#VALUE!",NA,"2010 ~ 2019","2012","04"
"83",83,2012-04-01,"New Territories East",23.42444444,259.5,0.252,0.0315,NA,8,440,14,"#VALUE!","#VALUE!",NA,"2010 ~ 2019","2012","04"
"84",84,2012-04-01,"New Territories West",23.77733333,323.25,0.881,0.073416667,NA,12,660,48,"#VALUE!","#VALUE!",NA,"2010 ~ 2019","2012","04"
"85",85,2012-05-01,"Hong Kong Island & Kowloon",27.11182796,312.875,2.809,0.117041667,NA,24,1320,154,"#VALUE!","#VALUE!",NA,"2010 ~ 2019","2012","05"
"86",86,2012-05-01,"New Territories East",26.76774194,279.5,0.827,0.103375,NA,8,440,45,"#VALUE!","#VALUE!",NA,"2010 ~ 2019","2012","05"
"87",87,2012-05-01,"New Territories West",27.15354839,138.25,1.879,0.156583333,NA,12,660,103,"#VALUE!","#VALUE!",NA,"2010 ~ 2019","2012","05"
"88",88,2012-06-01,"Hong Kong Island & Kowloon",28.15444444,232.75,3.033,0.126375,NA,24,1320,167,"#VALUE!","#VALUE!",NA,"2010 ~ 2019","2012","06"
"89",89,2012-06-01,"New Territories East",27.67444444,321.8333333,0.99,0.12375,NA,8,440,54,"#VALUE!","#VALUE!",NA,"2010 ~ 2019","2012","06"
"90",90,2012-06-01,"New Territories West",27.96266667,144.375,1.186,0.098833333,NA,12,660,65,"#VALUE!","#VALUE!",NA,"2010 ~ 2019","2012","06"
"91",91,2012-07-01,"Hong Kong Island & Kowloon",28.67634409,390.625,1.221,0.050875,NA,24,1320,67,"#VALUE!","#VALUE!",NA,"2010 ~ 2019","2012","07"
"92",92,2012-07-01,"New Territories East",28.20873118,573.8333333,0.655,0.081875,NA,8,440,36,"#VALUE!","#VALUE!",NA,"2010 ~ 2019","2012","07"
"93",93,2012-07-01,"New Territories West",28.31354839,408,0.596,0.049666667,NA,12,660,33,"#VALUE!","#VALUE!",NA,"2010 ~ 2019","2012","07"
"94",94,2012-08-01,"Hong Kong Island & Kowloon",29.38924731,154.25,1.68,0.07,NA,24,1320,92,"#VALUE!","#VALUE!",NA,"2010 ~ 2019","2012","08"
"95",95,2012-08-01,"New Territories East",28.85528365,131.3333333,0.609,0.076125,NA,8,440,33,"#VALUE!","#VALUE!",NA,"2010 ~ 2019","2012","08"
"96",96,2012-08-01,"New Territories West",29.01548387,87.75,0.874,0.072833333,NA,12,660,48,"#VALUE!","#VALUE!",NA,"2010 ~ 2019","2012","08"
"97",97,2012-09-01,"Hong Kong Island & Kowloon",27.85666667,195.125,1.06,0.044166667,NA,24,1320,58,"#VALUE!","#VALUE!",NA,"2010 ~ 2019","2012","09"
"98",98,2012-09-01,"New Territories East",27.14992063,84.83333333,0.312,0.039,NA,8,440,17,"#VALUE!","#VALUE!",NA,"2010 ~ 2019","2012","09"
"99",99,2012-09-01,"New Territories West",27.66733333,49.125,0.573,0.04775,NA,12,660,32,"#VALUE!","#VALUE!",NA,"2010 ~ 2019","2012","09"
"100",100,2012-10-01,"Hong Kong Island & Kowloon",25.30645161,42.75,0.495,0.020625,NA,24,1320,27,"#VALUE!","#VALUE!",NA,"2010 ~ 2019","2012","10"
"101",101,2012-10-01,"New Territories East",24.72365591,53.83333333,0.253,0.031625,NA,8,440,14,"#VALUE!","#VALUE!",NA,"2010 ~ 2019","2012","10"
"102",102,2012-10-01,"New Territories West",25.30451613,50.25,0.279,0.02325,NA,12,660,15,"#VALUE!","#VALUE!",NA,"2010 ~ 2019","2012","10"
"103",103,2012-11-01,"Hong Kong Island & Kowloon",22.37888889,57,0.121,0.005041667,NA,24,1320,7,"#VALUE!","#VALUE!",NA,"2010 ~ 2019","2012","11"
"104",104,2012-11-01,"New Territories East",21.24444444,88.33333333,0.128,0.016,NA,8,440,7,"#VALUE!","#VALUE!",NA,"2010 ~ 2019","2012","11"
"105",105,2012-11-01,"New Territories West",21.81666667,69,0.093,0.00775,NA,12,660,5,"#VALUE!","#VALUE!",NA,"2010 ~ 2019","2012","11"
"106",106,2012-12-01,"Hong Kong Island & Kowloon",18.10430108,47.375,0.112,0.004666667,NA,24,1320,6,"#VALUE!","#VALUE!",NA,"2010 ~ 2019","2012","12"
"107",107,2012-12-01,"New Territories East",16.90967742,45.66666667,0.035,0.004375,NA,8,440,2,"#VALUE!","#VALUE!",NA,"2010 ~ 2019","2012","12"
"108",108,2012-12-01,"New Territories West",17.41096774,50.375,0.017,0.001416667,NA,12,660,1,"#VALUE!","#VALUE!",NA,"2010 ~ 2019","2012","12"
"109",109,2013-01-01,"Hong Kong Island & Kowloon",16.97526882,3.25,0.019,0.000791667,NA,24,1320,1,"#VALUE!","#VALUE!",NA,"2010 ~ 2019","2013","01"
"110",110,2013-01-01,"New Territories East",15.73225806,9.666666667,0,0,NA,8,440,0,"#VALUE!","#VALUE!",NA,"2010 ~ 2019","2013","01"
"111",111,2013-01-01,"New Territories West",16.23032258,2.625,0.019,0.001583333,NA,12,660,1,"#VALUE!","#VALUE!",NA,"2010 ~ 2019","2013","01"
"112",112,2013-02-01,"Hong Kong Island & Kowloon",19.27261905,2.375,0.018,0.00075,NA,24,1320,1,"#VALUE!","#VALUE!",NA,"2010 ~ 2019","2013","02"
"113",113,2013-02-01,"New Territories East",18.58571429,1,0,0,NA,8,440,0,"#VALUE!","#VALUE!",NA,"2010 ~ 2019","2013","02"
"114",114,2013-02-01,"New Territories West",19.06071429,1.125,0,0,NA,12,660,0,"#VALUE!","#VALUE!",NA,"2010 ~ 2019","2013","02"
"115",115,2013-03-01,"Hong Kong Island & Kowloon",20.62903226,123.125,0,0,NA,24,1320,0,"#VALUE!","#VALUE!",NA,"2010 ~ 2019","2013","03"
"116",116,2013-03-01,"New Territories East",19.71182796,111.6666667,0,0,NA,8,440,0,"#VALUE!","#VALUE!",NA,"2010 ~ 2019","2013","03"
"117",117,2013-03-01,"New Territories West",20.50967742,122,0.018,0.0015,NA,12,660,1,"#VALUE!","#VALUE!",NA,"2010 ~ 2019","2013","03"
"118",118,2013-04-01,"Hong Kong Island & Kowloon",21.88261905,185,0.602,0.025083333,NA,24,1320,33,"#VALUE!","#VALUE!",NA,"2010 ~ 2019","2013","04"
"119",119,2013-04-01,"New Territories East",21.13,242.1666667,0.204,0.0255,NA,8,440,11,"#VALUE!","#VALUE!",NA,"2010 ~ 2019","2013","04"
"120",120,2013-04-01,"New Territories West",21.73533333,207.625,0.281,0.023416667,NA,12,660,15,"#VALUE!","#VALUE!",NA,"2010 ~ 2019","2013","04"
"121",121,2013-05-01,"Hong Kong Island & Kowloon",25.76021505,397.375,2.359,0.098291667,NA,24,1320,130,"#VALUE!","#VALUE!",NA,"2010 ~ 2019","2013","05"
"122",122,2013-05-01,"New Territories East",25.4704086,421.1666667,1.067,0.133375,NA,8,440,59,"#VALUE!","#VALUE!",NA,"2010 ~ 2019","2013","05"
"123",123,2013-05-01,"New Territories West",25.76223656,351.25,1.522,0.126833333,NA,12,660,84,"#VALUE!","#VALUE!",NA,"2010 ~ 2019","2013","05"
"124",124,2013-06-01,"Hong Kong Island & Kowloon",28.25333333,347.5,3.274,0.136416667,NA,24,1320,180,"#VALUE!","#VALUE!",NA,"2010 ~ 2019","2013","06"
"125",125,2013-06-01,"New Territories East",28.16444444,440.6666667,1.27,0.15875,NA,8,440,70,"#VALUE!","#VALUE!",NA,"2010 ~ 2019","2013","06"
"126",126,2013-06-01,"New Territories West",28.07847619,288.5,1.537,0.128083333,NA,12,660,85,"#VALUE!","#VALUE!",NA,"2010 ~ 2019","2013","06"
"127",127,2013-07-01,"Hong Kong Island & Kowloon",28.07741935,398.375,2.04,0.085,NA,24,1320,112,"#VALUE!","#VALUE!",NA,"2010 ~ 2019","2013","07"
"128",128,2013-07-01,"New Territories East",28.00537634,416.6666667,0.601,0.075125,NA,8,440,33,"#VALUE!","#VALUE!",NA,"2010 ~ 2019","2013","07"
"129",129,2013-07-01,"New Territories West",27.97354839,284.875,0.477,0.03975,NA,12,660,26,"#VALUE!","#VALUE!",NA,"2010 ~ 2019","2013","07"
"130",130,2013-08-01,"Hong Kong Island & Kowloon",28.6172043,348.625,1.765,0.073541667,NA,24,1320,97,"#VALUE!","#VALUE!",NA,"2010 ~ 2019","2013","08"
"131",131,2013-08-01,"New Territories East",28.60364823,392,0.594,0.07425,NA,8,440,33,"#VALUE!","#VALUE!",NA,"2010 ~ 2019","2013","08"
"132",132,2013-08-01,"New Territories West",28.2884086,273.25,0.492,0.041,NA,12,660,27,"#VALUE!","#VALUE!",NA,"2010 ~ 2019","2013","08"
"133",133,2013-09-01,"Hong Kong Island & Kowloon",27.77333333,360.625,1.211,0.050458333,NA,24,1320,67,"#VALUE!","#VALUE!",NA,"2010 ~ 2019","2013","09"
"134",134,2013-09-01,"New Territories East",27.4802381,297.8333333,0.687,0.085875,NA,8,440,38,"#VALUE!","#VALUE!",NA,"2010 ~ 2019","2013","09"
"135",135,2013-09-01,"New Territories West",27.41133333,281.625,0.691,0.057583333,NA,12,660,38,"#VALUE!","#VALUE!",NA,"2010 ~ 2019","2013","09"
"136",136,2013-10-01,"Hong Kong Island & Kowloon",25.56529477,1.375,0.541,0.022541667,NA,24,1320,30,"#VALUE!","#VALUE!",NA,"2010 ~ 2019","2013","10"
"137",137,2013-10-01,"New Territories East",25.08064516,2.666666667,0.306,0.03825,NA,8,440,17,"#VALUE!","#VALUE!",NA,"2010 ~ 2019","2013","10"
"138",138,2013-10-01,"New Territories West",25.21290323,6.125,0.145,0.012083333,NA,12,660,8,"#VALUE!","#VALUE!",NA,"2010 ~ 2019","2013","10"
"139",139,2013-11-01,"Hong Kong Island & Kowloon",21.93,62.75,0.186,0.00775,NA,24,1320,10,"#VALUE!","#VALUE!",NA,"2010 ~ 2019","2013","11"
"140",140,2013-11-01,"New Territories East",21.08444444,46.5,0.018,0.00225,NA,8,440,1,"#VALUE!","#VALUE!",NA,"2010 ~ 2019","2013","11"
"141",141,2013-11-01,"New Territories West",21.49666667,50.625,0.06,0.005,NA,12,660,3,"#VALUE!","#VALUE!",NA,"2010 ~ 2019","2013","11"
"142",142,2013-12-01,"Hong Kong Island & Kowloon",16.05268817,76,0.018,0.00075,NA,24,1320,1,"#VALUE!","#VALUE!",NA,"2010 ~ 2019","2013","12"
"143",143,2013-12-01,"New Territories East",14.45591398,72,0.018,0.00225,NA,8,440,1,"#VALUE!","#VALUE!",NA,"2010 ~ 2019","2013","12"
"144",144,2013-12-01,"New Territories West",15.39741935,113.75,0,0,NA,12,660,0,"#VALUE!","#VALUE!",NA,"2010 ~ 2019","2013","12"
"145",145,2014-01-01,"Hong Kong Island & Kowloon",16.20860215,0.125,0,0,NA,24,1320,0,"#VALUE!","#VALUE!",NA,"2010 ~ 2019","2014","01"
"146",146,2014-01-01,"New Territories East",15.25806452,0,0,0,NA,8,440,0,"#VALUE!","#VALUE!",NA,"2010 ~ 2019","2014","01"
"147",147,2014-01-01,"New Territories West",15.95548387,0,0,0,NA,12,660,0,"#VALUE!","#VALUE!",NA,"2010 ~ 2019","2014","01"
"148",148,2014-02-01,"Hong Kong Island & Kowloon",15.56071429,35.625,0,0,NA,24,1320,0,"#VALUE!","#VALUE!",NA,"2010 ~ 2019","2014","02"
"149",149,2014-02-01,"New Territories East",14.77738095,28.33333333,0,0,NA,8,440,0,"#VALUE!","#VALUE!",NA,"2010 ~ 2019","2014","02"
"150",150,2014-02-01,"New Territories West",15.20857143,34.875,0,0,NA,12,660,0,"#VALUE!","#VALUE!",NA,"2010 ~ 2019","2014","02"
"151",151,2014-03-01,"Hong Kong Island & Kowloon",18.80752688,152.4,0,0,NA,24,1320,0,"#VALUE!","#VALUE!",NA,"2010 ~ 2019","2014","03"
"152",152,2014-03-01,"New Territories East",18.4465233,218.8333333,0,0,NA,8,440,0,"#VALUE!","#VALUE!",NA,"2010 ~ 2019","2014","03"
"153",153,2014-03-01,"New Territories West",18.91290323,200.125,0,0,NA,12,660,0,"#VALUE!","#VALUE!",NA,"2010 ~ 2019","2014","03"
"154",154,2014-04-01,"Hong Kong Island & Kowloon",22.72777778,126.875,0.295,0.012291667,NA,24,1320,16,"#VALUE!","#VALUE!",NA,"2010 ~ 2019","2014","04"
"155",155,2014-04-01,"New Territories East",22.54888889,118.6666667,0.283,0.035375,NA,8,440,16,"#VALUE!","#VALUE!",NA,"2010 ~ 2019","2014","04"
"156",156,2014-04-01,"New Territories West",22.90866667,126.375,0.21,0.0175,NA,12,660,12,"#VALUE!","#VALUE!",NA,"2010 ~ 2019","2014","04"
"157",157,2014-05-01,"Hong Kong Island & Kowloon",26.26344086,711.875,2.369,0.098708333,NA,24,1320,130,"#VALUE!","#VALUE!",NA,"2010 ~ 2019","2014","05"
"158",158,2014-05-01,"New Territories East",25.95483871,670.5,1.238,0.15475,NA,8,440,68,"#VALUE!","#VALUE!",NA,"2010 ~ 2019","2014","05"
"159",159,2014-05-01,"New Territories West",26.23677419,526.25,1.62,0.135,NA,12,660,89,"#VALUE!","#VALUE!",NA,"2010 ~ 2019","2014","05"
"160",160,2014-06-01,"Hong Kong Island & Kowloon",28.83777778,413.675,2.743,0.114291667,NA,24,1320,151,"#VALUE!","#VALUE!",NA,"2010 ~ 2019","2014","06"
"161",161,2014-06-01,"New Territories East",28.64555556,316.5,1.285,0.160625,NA,8,440,71,"#VALUE!","#VALUE!",NA,"2010 ~ 2019","2014","06"
"162",162,2014-06-01,"New Territories West",28.664,288.25,1.081,0.090083333,NA,12,660,59,"#VALUE!","#VALUE!",NA,"2010 ~ 2019","2014","06"
"163",163,2014-07-01,"Hong Kong Island & Kowloon",29.61827957,231.2,2.393,0.099708333,NA,24,1320,132,"#VALUE!","#VALUE!",NA,"2010 ~ 2019","2014","07"
"164",164,2014-07-01,"New Territories East",29.41505376,237.8333333,1.373,0.171625,NA,8,440,76,"#VALUE!","#VALUE!",NA,"2010 ~ 2019","2014","07"
"165",165,2014-07-01,"New Territories West",29.27935484,140,0.776,0.064666667,NA,12,660,43,"#VALUE!","#VALUE!",NA,"2010 ~ 2019","2014","07"
"166",166,2014-08-01,"Hong Kong Island & Kowloon",28.79569892,535.4,1.471,0.061291667,NA,24,1320,81,"#VALUE!","#VALUE!",NA,"2010 ~ 2019","2014","08"
"167",167,2014-08-01,"New Territories East",28.64731183,232.8333333,0.696,0.087,NA,8,440,38,"#VALUE!","#VALUE!",NA,"2010 ~ 2019","2014","08"
"168",168,2014-08-01,"New Territories West",28.54013348,264.125,0.693,0.05775,NA,12,660,38,"#VALUE!","#VALUE!",NA,"2010 ~ 2019","2014","08"
"169",169,2014-09-01,"Hong Kong Island & Kowloon",28.70777778,126.9,1.023,0.042625,NA,24,1320,56,"#VALUE!","#VALUE!",NA,"2010 ~ 2019","2014","09"
"170",170,2014-09-01,"New Territories East",28.51777778,185.6666667,0.319,0.039875,NA,8,440,18,"#VALUE!","#VALUE!",NA,"2010 ~ 2019","2014","09"
"171",171,2014-09-01,"New Territories West",28.466,77,0.439,0.036583333,NA,12,660,24,"#VALUE!","#VALUE!",NA,"2010 ~ 2019","2014","09"
"172",172,2014-10-01,"Hong Kong Island & Kowloon",25.94946237,118.575,0.514,0.021416667,NA,24,1320,28,"#VALUE!","#VALUE!",NA,"2010 ~ 2019","2014","10"
"173",173,2014-10-01,"New Territories East",25.72580645,16.83333333,0.274,0.03425,NA,8,440,15,"#VALUE!","#VALUE!",NA,"2010 ~ 2019","2014","10"
"174",174,2014-10-01,"New Territories West",26.00307527,22,0.193,0.016083333,NA,12,660,11,"#VALUE!","#VALUE!",NA,"2010 ~ 2019","2014","10"
"175",175,2014-11-01,"Hong Kong Island & Kowloon",22.55222222,49.575,0.094,0.003916667,NA,24,1320,5,"#VALUE!","#VALUE!",NA,"2010 ~ 2019","2014","11"
"176",176,2014-11-01,"New Territories East",22.17111111,22,0.056,0.007,NA,8,440,3,"#VALUE!","#VALUE!",NA,"2010 ~ 2019","2014","11"
"177",177,2014-11-01,"New Territories West",22.40066667,29.625,0.036,0.003,NA,12,660,2,"#VALUE!","#VALUE!",NA,"2010 ~ 2019","2014","11"
"178",178,2014-12-01,"Hong Kong Island & Kowloon",16.27634409,39.575,0.018,0.00075,NA,24,1320,1,"#VALUE!","#VALUE!",NA,"2010 ~ 2019","2014","12"
"179",179,2014-12-01,"New Territories East",15.25913978,41,0.038,0.00475,NA,8,440,2,"#VALUE!","#VALUE!",NA,"2010 ~ 2019","2014","12"
"180",180,2014-12-01,"New Territories West",15.59354839,34.125,0,0,NA,12,660,0,"#VALUE!","#VALUE!",NA,"2010 ~ 2019","2014","12"
"181",181,2015-01-01,"Hong Kong Island & Kowloon",16.26344086,38.275,0,0,NA,30,1650,0,"#VALUE!","#VALUE!",NA,"2010 ~ 2019","2015","01"
"182",182,2015-01-01,"New Territories East",15.56666667,43.66666667,0,0,NA,9,495,0,"#VALUE!","#VALUE!",NA,"2010 ~ 2019","2015","01"
"183",183,2015-01-01,"New Territories West",16.13483871,25.25,0,0,NA,13,715,0,"#VALUE!","#VALUE!",NA,"2010 ~ 2019","2015","01"
"184",184,2015-02-01,"Hong Kong Island & Kowloon",17.525,27.575,0,0,NA,30,1650,0,"#VALUE!","#VALUE!",NA,"2010 ~ 2019","2015","02"
"185",185,2015-02-01,"New Territories East",17.1547619,17.66666667,0,0,NA,9,495,0,"#VALUE!","#VALUE!",NA,"2010 ~ 2019","2015","02"
"186",186,2015-02-01,"New Territories West",17.67357143,26.125,0,0,NA,13,715,0,"#VALUE!","#VALUE!",NA,"2010 ~ 2019","2015","02"
"187",187,2015-03-01,"Hong Kong Island & Kowloon",19.9688172,22.85,0.036,0.0015,NA,30,1650,2,"#VALUE!","#VALUE!",NA,"2010 ~ 2019","2015","03"
"188",188,2015-03-01,"New Territories East",19.54086022,14.5,0.02,0.0025,NA,9,495,1,"#VALUE!","#VALUE!",NA,"2010 ~ 2019","2015","03"
"189",189,2015-03-01,"New Territories West",20.19483871,11.875,0.019,0.001583333,NA,13,715,1,"#VALUE!","#VALUE!",NA,"2010 ~ 2019","2015","03"
"190",190,2015-04-01,"Hong Kong Island & Kowloon",23.19888889,53.9,0.577,0.024041667,NA,30,1650,32,"#VALUE!","#VALUE!",NA,"2010 ~ 2019","2015","04"
"191",191,2015-04-01,"New Territories East",23.00888889,47.33333333,0.146,0.01825,NA,9,495,8,"#VALUE!","#VALUE!",NA,"2010 ~ 2019","2015","04"
"192",192,2015-04-01,"New Territories West",23.128,55.75,0.19,0.015833333,NA,13,715,10,"#VALUE!","#VALUE!",NA,"2010 ~ 2019","2015","04"
"193",193,2015-05-01,"Hong Kong Island & Kowloon",27.22150538,496.75,1.993,0.083041667,NA,30,1650,110,"#VALUE!","#VALUE!",NA,"2010 ~ 2019","2015","05"
"194",194,2015-05-01,"New Territories East",27.03010753,588,0.626,0.07825,NA,9,495,34,"#VALUE!","#VALUE!",NA,"2010 ~ 2019","2015","05"
"195",195,2015-05-01,"New Territories West",27.21612903,365.75,0.732,0.061,NA,13,715,40,"#VALUE!","#VALUE!",NA,"2010 ~ 2019","2015","05"
"196",196,2015-06-01,"Hong Kong Island & Kowloon",29.44222222,259.4,2.815,0.117291667,NA,30,1650,155,"#VALUE!","#VALUE!",NA,"2010 ~ 2019","2015","06"
"197",197,2015-06-01,"New Territories East",29.48555556,187.8333333,1.315,0.164375,NA,9,495,72,"#VALUE!","#VALUE!",NA,"2010 ~ 2019","2015","06"
"198",198,2015-06-01,"New Territories West",29.202,167.875,0.987,0.08225,NA,13,715,54,"#VALUE!","#VALUE!",NA,"2010 ~ 2019","2015","06"
"199",199,2015-07-01,"Hong Kong Island & Kowloon",28.93763441,428.9,1.266,0.05275,NA,30,1650,70,"#VALUE!","#VALUE!",NA,"2010 ~ 2019","2015","07"
"200",200,2015-07-01,"New Territories East",28.68387097,315.3333333,0.807,0.100875,NA,9,495,44,"#VALUE!","#VALUE!",NA,"2010 ~ 2019","2015","07"
"201",201,2015-07-01,"New Territories West",28.65935484,283,0.495,0.04125,NA,13,715,27,"#VALUE!","#VALUE!",NA,"2010 ~ 2019","2015","07"
"202",202,2015-08-01,"Hong Kong Island & Kowloon",29.04731183,177.75,1.678,0.069916667,NA,30,1650,92,"#VALUE!","#VALUE!",NA,"2010 ~ 2019","2015","08"
"203",203,2015-08-01,"New Territories East",28.93225806,237.6666667,0.734,0.09175,NA,9,495,40,"#VALUE!","#VALUE!",NA,"2010 ~ 2019","2015","08"
"204",204,2015-08-01,"New Territories West",28.66064516,181.5,0.693,0.05775,NA,13,715,38,"#VALUE!","#VALUE!",NA,"2010 ~ 2019","2015","08"
"205",205,2015-09-01,"Hong Kong Island & Kowloon",28.23222222,110.525,0.876,0.0365,NA,30,1650,48,"#VALUE!","#VALUE!",NA,"2010 ~ 2019","2015","09"
"206",206,2015-09-01,"New Territories East",27.96555556,145.3333333,0.666,0.08325,NA,9,495,37,"#VALUE!","#VALUE!",NA,"2010 ~ 2019","2015","09"
"207",207,2015-09-01,"New Territories West",28,92.5,0.73,0.060833333,NA,13,715,40,"#VALUE!","#VALUE!",NA,"2010 ~ 2019","2015","09"
"208",208,2015-10-01,"Hong Kong Island & Kowloon",25.80537634,131.6,1.042,0.034733333,NA,30,1650,57,"#VALUE!","#VALUE!",NA,"2010 ~ 2019","2015","10"
"209",209,2015-10-01,"New Territories East",25.31075269,280.5,0.321,0.035666667,NA,9,495,18,"#VALUE!","#VALUE!",NA,"2010 ~ 2019","2015","10"
"210",210,2015-10-01,"New Territories West",25.52191398,154.375,0.371,0.028538462,NA,13,715,20,"#VALUE!","#VALUE!",NA,"2010 ~ 2019","2015","10"
"211",211,2015-11-01,"Hong Kong Island & Kowloon",24.00222222,26.2,0.276,0.0092,NA,30,1650,15,"#VALUE!","#VALUE!",NA,"2010 ~ 2019","2015","11"
"212",212,2015-11-01,"New Territories East",23.45777778,26.66666667,0.085,0.009444444,NA,9,495,5,"#VALUE!","#VALUE!",NA,"2010 ~ 2019","2015","11"
"213",213,2015-11-01,"New Territories West",23.75933333,8.375,0.089,0.006846154,NA,13,715,5,"#VALUE!","#VALUE!",NA,"2010 ~ 2019","2015","11"
"214",214,2015-12-01,"Hong Kong Island & Kowloon",18.64516129,63.025,0.037,0.001233333,NA,30,1650,2,"#VALUE!","#VALUE!",NA,"2010 ~ 2019","2015","12"
"215",215,2015-12-01,"New Territories East",17.62580645,66.83333333,0.018,0.002,NA,9,495,1,"#VALUE!","#VALUE!",NA,"2010 ~ 2019","2015","12"
"216",216,2015-12-01,"New Territories West",17.9116129,42.5,0,0,NA,13,715,0,"#VALUE!","#VALUE!",NA,"2010 ~ 2019","2015","12"
"217",217,2016-01-01,"Hong Kong Island & Kowloon",16.14193548,218.525,0,0,NA,30,1650,0,"#VALUE!","#VALUE!",NA,"2010 ~ 2019","2016","01"
"218",218,2016-01-01,"New Territories East",15.29784946,232.3333333,0,0,NA,9,495,0,"#VALUE!","#VALUE!",NA,"2010 ~ 2019","2016","01"
"219",219,2016-01-01,"New Territories West",15.59419355,254.25,0,0,NA,13,715,0,"#VALUE!","#VALUE!",NA,"2010 ~ 2019","2016","01"
"220",220,2016-02-01,"Hong Kong Island & Kowloon",15.58965517,25.425,0,0,NA,30,1650,0,"#VALUE!","#VALUE!",NA,"2010 ~ 2019","2016","02"
"221",221,2016-02-01,"New Territories East",14.60574713,35.33333333,0,0,NA,9,495,0,"#VALUE!","#VALUE!",NA,"2010 ~ 2019","2016","02"
"222",222,2016-02-01,"New Territories West",14.89517241,31.75,0,0,NA,13,715,0,"#VALUE!","#VALUE!",NA,"2010 ~ 2019","2016","02"
"223",223,2016-03-01,"Hong Kong Island & Kowloon",17.64731183,161.1,0,0,NA,30,1650,0,"#VALUE!","#VALUE!",NA,"2010 ~ 2019","2016","03"
"224",224,2016-03-01,"New Territories East",17.16021505,140.3333333,0,0,NA,9,495,0,"#VALUE!","#VALUE!",NA,"2010 ~ 2019","2016","03"
"225",225,2016-03-01,"New Territories West",17.61225806,128.625,0,0,NA,13,715,0,"#VALUE!","#VALUE!",NA,"2010 ~ 2019","2016","03"
"226",226,2016-04-01,"Hong Kong Island & Kowloon",23.65666667,225.875,0.497,0.016566667,NA,30,1650,27,"#VALUE!","#VALUE!",NA,"2010 ~ 2019","2016","04"
"227",227,2016-04-01,"New Territories East",23.54095238,196.1666667,0.12,0.013333333,NA,9,495,7,"#VALUE!","#VALUE!",NA,"2010 ~ 2019","2016","04"
"228",228,2016-04-01,"New Territories West",23.68793103,198.5,0.165,0.012692308,NA,13,715,9,"#VALUE!","#VALUE!",NA,"2010 ~ 2019","2016","04"
"229",229,2016-05-01,"Hong Kong Island & Kowloon",26.68709677,195.55,2.399,0.079966667,NA,30,1650,132,"#VALUE!","#VALUE!",NA,"2010 ~ 2019","2016","05"
"230",230,2016-05-01,"New Territories East",26.32258065,278.1666667,1.147,0.127444444,NA,9,495,63,"#VALUE!","#VALUE!",NA,"2010 ~ 2019","2016","05"
"231",231,2016-05-01,"New Territories West",26.57870968,297.375,1.304,0.100307692,NA,13,715,72,"#VALUE!","#VALUE!",NA,"2010 ~ 2019","2016","05"
"232",232,2016-06-01,"Hong Kong Island & Kowloon",29.00333333,350.225,3.896,0.129866667,NA,30,1650,214,"#VALUE!","#VALUE!",NA,"2010 ~ 2019","2016","06"
"233",233,2016-06-01,"New Territories East",28.80888889,278.5,1.303,0.144777778,NA,9,495,72,"#VALUE!","#VALUE!",NA,"2010 ~ 2019","2016","06"
"234",234,2016-06-01,"New Territories West",28.782,211.5,1.639,0.126076923,NA,13,715,90,"#VALUE!","#VALUE!",NA,"2010 ~ 2019","2016","06"
"235",235,2016-07-01,"Hong Kong Island & Kowloon",29.58164875,201.95,3.724,0.124133333,NA,30,1650,205,"#VALUE!","#VALUE!",NA,"2010 ~ 2019","2016","07"
"236",236,2016-07-01,"New Territories East",29.33,168.5,1.068,0.118666667,NA,9,495,59,"#VALUE!","#VALUE!",NA,"2010 ~ 2019","2016","07"
"237",237,2016-07-01,"New Territories West",29.16193548,163.25,1.282,0.098615385,NA,13,715,71,"#VALUE!","#VALUE!",NA,"2010 ~ 2019","2016","07"
"238",238,2016-08-01,"Hong Kong Island & Kowloon",28.34193548,477.3,2.192,0.073066667,NA,30,1650,121,"#VALUE!","#VALUE!",NA,"2010 ~ 2019","2016","08"
"239",239,2016-08-01,"New Territories East",28.09569892,535.3333333,0.727,0.080777778,NA,9,495,40,"#VALUE!","#VALUE!",NA,"2010 ~ 2019","2016","08"
"240",240,2016-08-01,"New Territories West",27.85225806,441.75,0.785,0.060384615,NA,13,715,43,"#VALUE!","#VALUE!",NA,"2010 ~ 2019","2016","08"
"241",241,2016-09-01,"Hong Kong Island & Kowloon",27.97306513,313.5,1.871,0.062366667,NA,30,1650,103,"#VALUE!","#VALUE!",NA,"2010 ~ 2019","2016","09"
"242",242,2016-09-01,"New Territories East",27.55666667,202.8333333,0.549,0.061,NA,9,495,30,"#VALUE!","#VALUE!",NA,"2010 ~ 2019","2016","09"
"243",243,2016-09-01,"New Territories West",27.43466667,216.375,0.898,0.069076923,NA,13,715,49,"#VALUE!","#VALUE!",NA,"2010 ~ 2019","2016","09"
"244",244,2016-10-01,"Hong Kong Island & Kowloon",26.64894327,552.325,0.985,0.032833333,NA,30,1650,54,"#VALUE!","#VALUE!",NA,"2010 ~ 2019","2016","10"
"245",245,2016-10-01,"New Territories East",26.06236559,507.3333333,0.25,0.027777778,NA,9,495,14,"#VALUE!","#VALUE!",NA,"2010 ~ 2019","2016","10"
"246",246,2016-10-01,"New Territories West",26.34387097,207.875,0.13,0.01,NA,13,715,7,"#VALUE!","#VALUE!",NA,"2010 ~ 2019","2016","10"
"247",247,2016-11-01,"Hong Kong Island & Kowloon",22.13777778,130.575,0.205,0.006833333,NA,30,1650,11,"#VALUE!","#VALUE!",NA,"2010 ~ 2019","2016","11"
"248",248,2016-11-01,"New Territories East",21.39288889,84,0.071,0.007888889,NA,9,495,4,"#VALUE!","#VALUE!",NA,"2010 ~ 2019","2016","11"
"249",249,2016-11-01,"New Territories West",21.57,96.875,0.052,0.004,NA,13,715,3,"#VALUE!","#VALUE!",NA,"2010 ~ 2019","2016","11"
"250",250,2016-12-01,"Hong Kong Island & Kowloon",19.62258065,10.275,0.018,6e-04,NA,30,1650,1,"#VALUE!","#VALUE!",NA,"2010 ~ 2019","2016","12"
"251",251,2016-12-01,"New Territories East",18.5827957,9.166666667,0.017,0.001888889,NA,9,495,1,"#VALUE!","#VALUE!",NA,"2010 ~ 2019","2016","12"
"252",252,2016-12-01,"New Territories West",19.20621505,8.75,0.019,0.001461538,NA,13,715,1,"#VALUE!","#VALUE!",NA,"2010 ~ 2019","2016","12"
"253",253,2017-01-01,"Hong Kong Island & Kowloon",18.48593879,8.75,0,0,NA,30,1650,0,"#VALUE!","#VALUE!",NA,"2010 ~ 2019","2017","01"
"254",254,2017-01-01,"New Territories East",17.83548387,10,0.016,0.001777778,NA,9,495,1,"#VALUE!","#VALUE!",NA,"2010 ~ 2019","2017","01"
"255",255,2017-01-01,"New Territories West",18.21290323,7.125,0,0,NA,13,715,0,"#VALUE!","#VALUE!",NA,"2010 ~ 2019","2017","01"
"256",256,2017-02-01,"Hong Kong Island & Kowloon",16.7047619,19.225,0,0,NA,30,1650,0,"#VALUE!","#VALUE!",NA,"2010 ~ 2019","2017","02"
"257",257,2017-02-01,"New Territories East",16.2542769,21,0,0,NA,9,495,0,"#VALUE!","#VALUE!",NA,"2010 ~ 2019","2017","02"
"258",258,2017-02-01,"New Territories West",16.66642857,35.375,0,0,NA,13,715,0,"#VALUE!","#VALUE!",NA,"2010 ~ 2019","2017","02"
"259",259,2017-03-01,"Hong Kong Island & Kowloon",19.32071685,38.625,0,0,NA,30,1650,0,"#VALUE!","#VALUE!",NA,"2010 ~ 2019","2017","03"
"260",260,2017-03-01,"New Territories East",18.90967742,51.5,0.033,0.003666667,NA,9,495,2,"#VALUE!","#VALUE!",NA,"2010 ~ 2019","2017","03"
"261",261,2017-03-01,"New Territories West",19.53354839,48,0.018,0.001384615,NA,13,715,1,"#VALUE!","#VALUE!",NA,"2010 ~ 2019","2017","03"
"262",262,2017-04-01,"Hong Kong Island & Kowloon",22.94333333,74.575,0.58,0.019333333,NA,30,1650,32,"#VALUE!","#VALUE!",NA,"2010 ~ 2019","2017","04"
"263",263,2017-04-01,"New Territories East",22.73777778,101.3333333,0.136,0.015111111,NA,9,495,7,"#VALUE!","#VALUE!",NA,"2010 ~ 2019","2017","04"
"264",264,2017-04-01,"New Territories West",22.86933333,92.75,0.218,0.016769231,NA,13,715,12,"#VALUE!","#VALUE!",NA,"2010 ~ 2019","2017","04"
"265",265,2017-05-01,"Hong Kong Island & Kowloon",25.73763441,316.45,4.235,0.141166667,NA,30,1650,233,"#VALUE!","#VALUE!",NA,"2010 ~ 2019","2017","05"
"266",266,2017-05-01,"New Territories East",25.56236559,249.3333333,1.597,0.177444444,NA,9,495,88,"#VALUE!","#VALUE!",NA,"2010 ~ 2019","2017","05"
"267",267,2017-05-01,"New Territories West",25.75870968,211.5,1.652,0.127076923,NA,13,715,91,"#VALUE!","#VALUE!",NA,"2010 ~ 2019","2017","05"
"268",268,2017-06-01,"Hong Kong Island & Kowloon",28.68777778,633.75,3.389,0.112966667,NA,30,1650,186,"#VALUE!","#VALUE!",NA,"2010 ~ 2019","2017","06"
"269",269,2017-06-01,"New Territories East",28.56555556,596.3333333,0.826,0.091777778,NA,9,495,45,"#VALUE!","#VALUE!",NA,"2010 ~ 2019","2017","06"
"270",270,2017-06-01,"New Territories West",28.52133333,386.375,1.033,0.079461538,NA,13,715,57,"#VALUE!","#VALUE!",NA,"2010 ~ 2019","2017","06"
"271",271,2017-07-01,"Hong Kong Island & Kowloon",28.8655914,606.75,3.277,0.109233333,NA,30,1650,180,"#VALUE!","#VALUE!",NA,"2010 ~ 2019","2017","07"
"272",272,2017-07-01,"New Territories East",28.55913978,703.1666667,0.997,0.110777778,NA,9,495,55,"#VALUE!","#VALUE!",NA,"2010 ~ 2019","2017","07"
"273",273,2017-07-01,"New Territories West",28.34387097,404.25,1.241,0.095461538,NA,13,715,68,"#VALUE!","#VALUE!",NA,"2010 ~ 2019","2017","07"
"274",274,2017-08-01,"Hong Kong Island & Kowloon",29.25376344,482.9,2.299,0.076633333,NA,30,1650,126,"#VALUE!","#VALUE!",NA,"2010 ~ 2019","2017","08"
"275",275,2017-08-01,"New Territories East",29.20752688,426,0.518,0.057555556,NA,9,495,28,"#VALUE!","#VALUE!",NA,"2010 ~ 2019","2017","08"
"276",276,2017-08-01,"New Territories West",29.01660589,223.375,0.587,0.045153846,NA,13,715,32,"#VALUE!","#VALUE!",NA,"2010 ~ 2019","2017","08"
"277",277,2017-09-01,"Hong Kong Island & Kowloon",28.96111111,215.925,1.796,0.059866667,NA,30,1650,99,"#VALUE!","#VALUE!",NA,"2010 ~ 2019","2017","09"
"278",278,2017-09-01,"New Territories East",28.70777778,204.3333333,0.675,0.075,NA,9,495,37,"#VALUE!","#VALUE!",NA,"2010 ~ 2019","2017","09"
"279",279,2017-09-01,"New Territories West",28.77383333,202.625,0.679,0.052230769,NA,13,715,37,"#VALUE!","#VALUE!",NA,"2010 ~ 2019","2017","09"
"280",280,2017-10-01,"Hong Kong Island & Kowloon",26.5,95.025,1.023,0.0341,NA,30,1650,56,"#VALUE!","#VALUE!",NA,"2010 ~ 2019","2017","10"
"281",281,2017-10-01,"New Territories East",25.65591398,156.8333333,0.22,0.024444444,NA,9,495,12,"#VALUE!","#VALUE!",NA,"2010 ~ 2019","2017","10"
"282",282,2017-10-01,"New Territories West",26.02451613,80.75,0.175,0.013461538,NA,13,715,10,"#VALUE!","#VALUE!",NA,"2010 ~ 2019","2017","10"
"283",283,2017-11-01,"Hong Kong Island & Kowloon",22.41333333,31.65,0.256,0.008533333,NA,30,1650,14,"#VALUE!","#VALUE!",NA,"2010 ~ 2019","2017","11"
"284",284,2017-11-01,"New Territories East",21.59888889,20.16666667,0.069,0.007666667,NA,9,495,4,"#VALUE!","#VALUE!",NA,"2010 ~ 2019","2017","11"
"285",285,2017-11-01,"New Territories West",21.84809524,15.625,0.083,0.006384615,NA,13,715,5,"#VALUE!","#VALUE!",NA,"2010 ~ 2019","2017","11"
"286",286,2017-12-01,"Hong Kong Island & Kowloon",18.03978495,0.125,0.037,0.001233333,NA,30,1650,2,"#VALUE!","#VALUE!",NA,"2010 ~ 2019","2017","12"
"287",287,2017-12-01,"New Territories East",17.38494624,0,0.033,0.003666667,NA,9,495,2,"#VALUE!","#VALUE!",NA,"2010 ~ 2019","2017","12"
"288",288,2017-12-01,"New Territories West",17.80774194,0,0,0,NA,13,715,0,"#VALUE!","#VALUE!",NA,"2010 ~ 2019","2017","12"
"289",289,2018-01-01,"Hong Kong Island & Kowloon",16.07741935,61.425,0,0,NA,32,1760,0,"#VALUE!","#VALUE!",NA,"2010 ~ 2019","2018","01"
"290",290,2018-01-01,"New Territories East",15.4,71.16666667,0,0,NA,10,550,0,"#VALUE!","#VALUE!",NA,"2010 ~ 2019","2018","01"
"291",291,2018-01-01,"New Territories West",15.84,67.25,0,0,NA,15,825,0,"#VALUE!","#VALUE!",NA,"2010 ~ 2019","2018","01"
"292",292,2018-02-01,"Hong Kong Island & Kowloon",15.94642857,6.05,0,0,NA,32,1760,0,"#VALUE!","#VALUE!",NA,"2010 ~ 2019","2018","02"
"293",293,2018-02-01,"New Territories East",15.33571429,5.833333333,0,0,NA,10,550,0,"#VALUE!","#VALUE!",NA,"2010 ~ 2019","2018","02"
"294",294,2018-02-01,"New Territories West",15.75285714,6.875,0,0,NA,15,825,0,"#VALUE!","#VALUE!",NA,"2010 ~ 2019","2018","02"
"295",295,2018-03-01,"Hong Kong Island & Kowloon",20.58602151,24.675,0.02,0.000666667,NA,32,1760,1,"#VALUE!","#VALUE!",NA,"2010 ~ 2019","2018","03"
"296",296,2018-03-01,"New Territories East",20.13333333,16.66666667,0.016,0.001777778,NA,10,550,1,"#VALUE!","#VALUE!",NA,"2010 ~ 2019","2018","03"
"297",297,2018-03-01,"New Territories West",20.64774194,21.5,0,0,NA,15,825,0,"#VALUE!","#VALUE!",NA,"2010 ~ 2019","2018","03"
"298",298,2018-04-01,"Hong Kong Island & Kowloon",23.28666667,34.475,0.253,0.008433333,NA,32,1760,14,"#VALUE!","#VALUE!",NA,"2010 ~ 2019","2018","04"
"299",299,2018-04-01,"New Territories East",22.98,34.16666667,0.181,0.020111111,NA,10,550,10,"#VALUE!","#VALUE!",NA,"2010 ~ 2019","2018","04"
"300",300,2018-04-01,"New Territories West",23.24333333,46.5,0.118,0.009076923,NA,15,825,6,"#VALUE!","#VALUE!",NA,"2010 ~ 2019","2018","04"
"301",301,2018-05-01,"Hong Kong Island & Kowloon",27.95698925,72.325,2.547,0.0849,NA,32,1760,140,"#VALUE!","#VALUE!",NA,"2010 ~ 2019","2018","05"
"302",302,2018-05-01,"New Territories East",28.09892473,85.5,1.398,0.155333333,NA,10,550,77,"#VALUE!","#VALUE!",NA,"2010 ~ 2019","2018","05"
"303",303,2018-05-01,"New Territories West",28.17419355,57.875,1.298,0.099846154,NA,15,825,71,"#VALUE!","#VALUE!",NA,"2010 ~ 2019","2018","05"
"304",304,2018-06-01,"Hong Kong Island & Kowloon",28.39888889,495.8,3.19,0.106333333,NA,32,1760,175,"#VALUE!","#VALUE!",NA,"2010 ~ 2019","2018","06"
"305",305,2018-06-01,"New Territories East",28.15,641.5,1.369,0.152111111,NA,10,550,75,"#VALUE!","#VALUE!",NA,"2010 ~ 2019","2018","06"
"306",306,2018-06-01,"New Territories West",28.304,457.125,1.205,0.092692308,NA,15,825,66,"#VALUE!","#VALUE!",NA,"2010 ~ 2019","2018","06"
"307",307,2018-07-01,"Hong Kong Island & Kowloon",28.86666667,323.825,5.047,0.15771875,NA,32,1760,278,"#VALUE!","#VALUE!",NA,"2010 ~ 2019","2018","07"
"308",308,2018-07-01,"New Territories East",28.7311828,393.3333333,1.939,0.1939,NA,10,550,107,"#VALUE!","#VALUE!",NA,"2010 ~ 2019","2018","07"
"309",309,2018-07-01,"New Territories West",28.74258065,214.875,2.108,0.140533333,NA,15,825,116,"#VALUE!","#VALUE!",NA,"2010 ~ 2019","2018","07"
"310",310,2018-08-01,"Hong Kong Island & Kowloon",28.33978495,582.1,2.39,0.0746875,NA,32,1760,131,"#VALUE!","#VALUE!",NA,"2010 ~ 2019","2018","08"
"311",311,2018-08-01,"New Territories East",28.11075269,807.8333333,0.958,0.0958,NA,10,550,53,"#VALUE!","#VALUE!",NA,"2010 ~ 2019","2018","08"
"312",312,2018-08-01,"New Territories West",28.08193548,567.875,0.938,0.062533333,NA,15,825,52,"#VALUE!","#VALUE!",NA,"2010 ~ 2019","2018","08"
"313",313,2018-09-01,"Hong Kong Island & Kowloon",27.78777778,330.375,2.07,0.0646875,NA,32,1760,114,"#VALUE!","#VALUE!",NA,"2010 ~ 2019","2018","09"
"314",314,2018-09-01,"New Territories East",27.70777778,238.1666667,0.734,0.0734,NA,10,550,40,"#VALUE!","#VALUE!",NA,"2010 ~ 2019","2018","09"
"315",315,2018-09-01,"New Territories West",27.68695238,268.875,0.537,0.0358,NA,15,825,30,"#VALUE!","#VALUE!",NA,"2010 ~ 2019","2018","09"
"316",316,2018-10-01,"Hong Kong Island & Kowloon",25.01935484,81.825,0.683,0.02134375,NA,32,1760,38,"#VALUE!","#VALUE!",NA,"2010 ~ 2019","2018","10"
"317",317,2018-10-01,"New Territories East",24.50430108,44.16666667,0.362,0.0362,NA,10,550,20,"#VALUE!","#VALUE!",NA,"2010 ~ 2019","2018","10"
"318",318,2018-10-01,"New Territories West",24.78709677,42.875,0.175,0.011666667,NA,15,825,10,"#VALUE!","#VALUE!",NA,"2010 ~ 2019","2018","10"
"319",319,2018-11-01,"Hong Kong Island & Kowloon",22.83111111,70.825,0.288,0.009,NA,32,1760,16,"#VALUE!","#VALUE!",NA,"2010 ~ 2019","2018","11"
"320",320,2018-11-01,"New Territories East",22.41,70.66666667,0.072,0.0072,NA,10,550,4,"#VALUE!","#VALUE!",NA,"2010 ~ 2019","2018","11"
"321",321,2018-11-01,"New Territories West",22.74133333,54.375,0.133,0.008866667,NA,15,825,7,"#VALUE!","#VALUE!",NA,"2010 ~ 2019","2018","11"
"322",322,2018-12-01,"Hong Kong Island & Kowloon",19.13548387,18.975,0.051,0.00159375,NA,32,1760,3,"#VALUE!","#VALUE!",NA,"2010 ~ 2019","2018","12"
"323",323,2018-12-01,"New Territories East",18.02043011,11.66666667,0,0,NA,10,550,0,"#VALUE!","#VALUE!",NA,"2010 ~ 2019","2018","12"
"324",324,2018-12-01,"New Territories West",18.61274194,10.25,0,0,NA,15,825,0,"#VALUE!","#VALUE!",NA,"2010 ~ 2019","2018","12"
"325",325,2019-01-01,"Hong Kong Island & Kowloon",17.95806452,3.225,0.013,0.00040625,NA,32,1760,1,"#VALUE!","#VALUE!",NA,"2010 ~ 2019","2019","01"
"326",326,2019-01-01,"New Territories East",17.46989247,5.833333333,0,0,NA,10,550,0,"#VALUE!","#VALUE!",NA,"2010 ~ 2019","2019","01"
"327",327,2019-01-01,"New Territories West",17.90733871,4.125,0,0,NA,15,825,0,"#VALUE!","#VALUE!",NA,"2010 ~ 2019","2019","01"
"328",328,2019-02-01,"Hong Kong Island & Kowloon",20.10595238,71.95,0.018,0.0005625,NA,32,1760,1,"#VALUE!","#VALUE!",NA,"2010 ~ 2019","2019","02"
"329",329,2019-02-01,"New Territories East",19.74166667,37.66666667,0.018,0.0018,NA,10,550,1,"#VALUE!","#VALUE!",NA,"2010 ~ 2019","2019","02"
"330",330,2019-02-01,"New Territories West",20.33428571,61.5,0,0,NA,15,825,0,"#VALUE!","#VALUE!",NA,"2010 ~ 2019","2019","02"
"331",331,2019-03-01,"Hong Kong Island & Kowloon",20.90967742,158.15,0.383,0.01196875,NA,32,1760,21,"#VALUE!","#VALUE!",NA,"2010 ~ 2019","2019","03"
"332",332,2019-03-01,"New Territories East",20.47849462,94.5,0.121,0.0121,NA,10,550,7,"#VALUE!","#VALUE!",NA,"2010 ~ 2019","2019","03"
"333",333,2019-03-01,"New Territories West",20.96516129,142.875,0.194,0.012933333,NA,15,825,11,"#VALUE!","#VALUE!",NA,"2010 ~ 2019","2019","03"
"334",334,2019-04-01,"Hong Kong Island & Kowloon",24.43444444,184.1,1.728,0.054,NA,32,1760,95,"#VALUE!","#VALUE!",NA,"2010 ~ 2019","2019","04"
"335",335,2019-04-01,"New Territories East",24.40888889,204.1666667,0.749,0.0749,NA,10,550,41,"#VALUE!","#VALUE!",NA,"2010 ~ 2019","2019","04"
"336",336,2019-04-01,"New Territories West",24.71733333,147.75,0.618,0.0412,NA,15,825,34,"#VALUE!","#VALUE!",NA,"2010 ~ 2019","2019","04"
"337",337,2019-05-01,"Hong Kong Island & Kowloon",25.24516129,252.525,3.173,0.09915625,NA,32,1760,175,"#VALUE!","#VALUE!",NA,"2010 ~ 2019","2019","05"
"338",338,2019-05-01,"New Territories East",25.13225806,187.1666667,1.363,0.1363,NA,10,550,75,"#VALUE!","#VALUE!",NA,"2010 ~ 2019","2019","05"
"339",339,2019-05-01,"New Territories West",25.36,254.625,1.698,0.1132,NA,15,825,93,"#VALUE!","#VALUE!",NA,"2010 ~ 2019","2019","05"
"340",340,2019-06-01,"Hong Kong Island & Kowloon",28.66777778,390.575,4.995,0.15609375,NA,32,1760,275,"#VALUE!","#VALUE!",NA,"2010 ~ 2019","2019","06"
"341",341,2019-06-01,"New Territories East",28.50547619,269.1666667,2.138,0.2138,NA,10,550,118,"#VALUE!","#VALUE!",NA,"2010 ~ 2019","2019","06"
"342",342,2019-06-01,"New Territories West",28.696,250.125,1.834,0.122266667,NA,15,825,101,"#VALUE!","#VALUE!",NA,"2010 ~ 2019","2019","06"
"343",343,2019-07-01,"Hong Kong Island & Kowloon",29.13978495,401.35,3.381,0.10565625,NA,32,1760,186,"#VALUE!","#VALUE!",NA,"2010 ~ 2019","2019","07"
"344",344,2019-07-01,"New Territories East",29.06666667,365.6666667,1.355,0.1355,NA,10,550,75,"#VALUE!","#VALUE!",NA,"2010 ~ 2019","2019","07"
"345",345,2019-07-01,"New Territories West",29.10709677,282.125,1.07,0.071333333,NA,15,825,59,"#VALUE!","#VALUE!",NA,"2010 ~ 2019","2019","07"
"346",346,2019-08-01,"Hong Kong Island & Kowloon",28.78186874,460.9,2.197,0.06865625,NA,32,1760,121,"#VALUE!","#VALUE!",NA,"2010 ~ 2019","2019","08"
"347",347,2019-08-01,"New Territories East",29.05913978,448.6666667,1.037,0.1037,NA,10,550,57,"#VALUE!","#VALUE!",NA,"2010 ~ 2019","2019","08"
"348",348,2019-08-01,"New Territories West",28.79443011,319.375,0.67,0.044666667,NA,15,825,37,"#VALUE!","#VALUE!",NA,"2010 ~ 2019","2019","08"
"349",349,2019-09-01,"Hong Kong Island & Kowloon",28.48555556,170.6,1.988,0.062125,NA,32,1760,109,"#VALUE!","#VALUE!",NA,"2010 ~ 2019","2019","09"
"350",350,2019-09-01,"New Territories East",28.25777778,166.3333333,0.869,0.0869,NA,10,550,48,"#VALUE!","#VALUE!",NA,"2010 ~ 2019","2019","09"
"351",351,2019-09-01,"New Territories West",28.058,131.875,0.815,0.054333333,NA,15,825,45,"#VALUE!","#VALUE!",NA,"2010 ~ 2019","2019","09"
"352",352,2019-10-01,"Hong Kong Island & Kowloon",26.17634409,186.95,0.893,0.02790625,NA,32,1760,49,"#VALUE!","#VALUE!",NA,"2010 ~ 2019","2019","10"
"353",353,2019-10-01,"New Territories East",25.8827957,95.83333333,0.404,0.0404,NA,10,550,22,"#VALUE!","#VALUE!",NA,"2010 ~ 2019","2019","10"
"354",354,2019-10-01,"New Territories West",26.09935484,71.125,0.315,0.021,NA,15,825,17,"#VALUE!","#VALUE!",NA,"2010 ~ 2019","2019","10"
"355",355,2019-11-01,"Hong Kong Island & Kowloon",22.60333333,0,0.409,0.01278125,NA,32,1760,22,"#VALUE!","#VALUE!",NA,"2010 ~ 2019","2019","11"
"356",356,2019-11-01,"New Territories East",22.07888889,0,0.138,0.0138,NA,10,550,8,"#VALUE!","#VALUE!",NA,"2010 ~ 2019","2019","11"
"357",357,2019-11-01,"New Territories West",22.56028986,0,0.058,0.003866667,NA,15,825,3,"#VALUE!","#VALUE!",NA,"2010 ~ 2019","2019","11"
"358",358,2019-12-01,"Hong Kong Island & Kowloon",18.80967742,15.625,0.017,0.00053125,NA,32,1760,1,"#VALUE!","#VALUE!",NA,"2010 ~ 2019","2019","12"
"359",359,2019-12-01,"New Territories East",18.34731183,7.166666667,0.008,8e-04,NA,10,550,0,"#VALUE!","#VALUE!",NA,"2010 ~ 2019","2019","12"
"360",360,2019-12-01,"New Territories West",18.82580645,9.25,0.031,0.002066667,NA,15,825,2,"#VALUE!","#VALUE!",NA,"2010 ~ 2019","2019","12"
"361",361,2020-01-01,"Hong Kong Island & Kowloon",18.40107527,15.9,0.064,0.002,NA,32,1760,4,"#VALUE!","#VALUE!",NA,"2020","2020","01"
"362",362,2020-01-01,"New Territories East",17.93870968,29.83333333,0.018,0.0018,NA,10,550,1,"#VALUE!","#VALUE!",NA,"2020","2020","01"
"363",363,2020-01-01,"New Territories West",18.41548387,28.125,0.017,0.001133333,NA,15,825,1,"#VALUE!","#VALUE!",NA,"2020","2020","01"
"364",364,2020-02-01,"Hong Kong Island & Kowloon",18.34712644,66.975,0.028,0.000875,NA,32,1760,2,"#VALUE!","#VALUE!",NA,"2020","2020","02"
"365",365,2020-02-01,"New Territories East",17.95517241,35.16666667,0,0,NA,10,550,0,"#VALUE!","#VALUE!",NA,"2020","2020","02"
"366",366,2020-02-01,"New Territories West",18.30344828,55.625,0.009,6e-04,NA,15,825,0,"#VALUE!","#VALUE!",NA,"2020","2020","02"
"367",367,2020-03-01,"Hong Kong Island & Kowloon",21.25376344,51.3,0.21,0.0065625,NA,32,1760,12,"#VALUE!","#VALUE!",NA,"2020","2020","03"
"368",368,2020-03-01,"New Territories East",20.85483871,30.16666667,0.086,0.0086,NA,10,550,5,"#VALUE!","#VALUE!",NA,"2020","2020","03"
"369",369,2020-03-01,"New Territories West",21.40903226,37.875,0.193,0.012866667,NA,15,825,11,"#VALUE!","#VALUE!",NA,"2020","2020","03"
"370",370,2020-04-01,"Hong Kong Island & Kowloon",21.65555556,62.95,1.344,0.042,1.166666667,68,3740,74,"86","0.049",49,"2020","2020","04"
"371",371,2020-04-01,"New Territories East",21.47666667,48.83333333,0.645,0.0645,1.17,24,1320,35,"42","0.075465",75,"2020","2020","04"
"372",372,2020-04-01,"New Territories West",21.57866667,66.375,0.716,0.047733333,1.08,32,1760,39,"43","0.051552",52,"2020","2020","04"
"373",373,2020-05-01,"Hong Kong Island & Kowloon",27.34731183,331.125,2.857,0.08928125,1.303125,68,3740,157,"205","0.116344629",116,"2020","2020","05"
"374",374,2020-05-01,"New Territories East",27.39569892,213.8333333,1.111,0.1111,1.27,26,1430,61,"78","0.141097",141,"2020","2020","05"
"375",375,2020-05-01,"New Territories West",27.36903226,284.375,1.765,0.117666667,1.28,34,1870,97,"124","0.150613334",151,"2020","2020","05"
"376",376,2020-06-01,"Hong Kong Island & Kowloon",29.1342735,330.75,5.923,0.174205882,1.411764706,68,3740,326,"460","0.245937716",246,"2020","2020","06"
"377",377,2020-06-01,"New Territories East",29.14444444,408,2.709,0.22575,1.625,26,1430,149,"242","0.36684375",367,"2020","2020","06"
"378",378,2020-06-01,"New Territories West",29.04466667,186.375,2.791,0.1744375,1.5375,34,1870,154,"236","0.268197656",268,"2020","2020","06"
"379",379,2020-07-01,"Hong Kong Island & Kowloon",29.86451613,123.325,2.576,0.075764706,1.218181818,68,3740,142,"173","0.092295187",92,"2020","2020","07"
"380",380,2020-07-01,"New Territories East",30.20645161,62.33333333,1.099,0.091583333,1.558333333,26,1430,60,"94","0.142717361",143,"2020","2020","07"
"381",381,2020-07-01,"New Territories West",29.70087097,76.25,0.97,0.060625,1.092857143,34,1870,53,"58","0.066254464",66,"2020","2020","07"
"382",382,2020-08-01,"Hong Kong Island & Kowloon",28.71612903,459.2,2.101,0.061794118,1.136363636,68,3740,116,"131","0.070220589",70,"2020","2020","08"
"383",383,2020-08-01,"New Territories East",28.58924731,458.6666667,0.903,0.07525,1.275,26,1430,50,"63","0.09594375",96,"2020","2020","08"
"384",384,2020-08-01,"New Territories West",28.01206452,271.125,0.807,0.0504375,1.15,34,1870,44,"51","0.058003125",58,"2020","2020","08"
"385",385,2020-09-01,"Hong Kong Island & Kowloon",28.07333333,644.5,2.24,0.065882353,1.121212121,68,3740,123,"138","0.073868093",74,"2020","2020","09"
"386",386,2020-09-01,"New Territories East",27.82333333,452.6666667,0.987,0.08225,1.216666667,26,1430,54,"66","0.100070833",100,"2020","2020","09"
"387",387,2020-09-01,"New Territories West",27.61333333,190.875,0.902,0.056375,1.10625,34,1870,50,"55","0.062364844",62,"2020","2020","09"
"388",388,2020-10-01,"Hong Kong Island & Kowloon",25.39247312,77.725,1.436,0.042235294,1.117241379,68,3740,79,"88","0.047187018",47,"2020","2020","10"
"389",389,2020-10-01,"New Territories East",25.03225806,59.33333333,0.483,0.04025,1.08,26,1430,27,"29","0.04347",43,"2020","2020","10"
"390",390,2020-10-01,"New Territories West",24.91693548,19.875,0.575,0.0359375,1.121428571,34,1870,32,"35","0.040301339",40,"2020","2020","10"
"391",391,2020-11-01,"Hong Kong Island & Kowloon",23.44777778,2.75,0.699,0.020558824,1.077777778,68,3740,38,"41","0.022157844",22,"2020","2020","11"
"392",392,2020-11-01,"New Territories East",22.95444444,2.666666667,0.201,0.01675,1,26,1430,11,"11","0.01675",17,"2020","2020","11"
"393",393,2020-11-01,"New Territories West",23.10657143,0.375,0.32,0.02,1.055555556,34,1870,18,"19","0.021111111",21,"2020","2020","11"
"394",394,2020-12-01,"Hong Kong Island & Kowloon",18.1688172,0.8,0.284,0.008352941,1.009090909,68,3740,16,"16","0.008428877",8,"2020","2020","12"
"395",395,2020-12-01,"New Territories East",17.24086022,1.5,0.089,0.007416667,1.075,26,1430,5,"5","0.007972917",8,"2020","2020","12"
"396",396,2020-12-01,"New Territories West",17.54516129,0.25,0.095,0.0059375,1,34,1870,5,"5","0.0059375",6,"2020","2020","12"
"397",397,2021-01-01,"Hong Kong Island & Kowloon",16,0,0.036951399,0.001086806,1,68,3740,2,"2","0.001086806",1,"2021","2021","01"
"398",398,2021-01-01,"New Territories East",15.31075269,0,0.019615385,0.001508876,1,26,1430,1,"1","0.001508876",2,"2021","2021","01"
"399",399,2021-01-01,"New Territories West",15.67741935,0,0,0,1,34,1870,0,"0","0",0,"2021","2021","01"
"400",400,2021-02-01,"Hong Kong Island & Kowloon",19.25952381,66.925,0.036149856,0.001063231,1,68,3740,2,"2","0.001063231",1,"2021","2021","02"
"401",401,2021-02-01,"New Territories East",18.84880952,43,0.026278406,0.002021416,1,26,1430,1,"1","0.002021416",2,"2021","2021","02"
"402",402,2021-02-01,"New Territories West",19.13428571,64.125,0.06002147,0.003530675,1,34,1870,3,"3","0.003530675",4,"2021","2021","02"
"403",403,2021-03-01,"Hong Kong Island & Kowloon",21.84623656,7.325,0.726767802,0.021375524,1.071581197,68,3740,40,"43","0.02290561",23,"2021","2021","03"
"404",404,2021-03-01,"New Territories East",21.58387097,18,0.465973962,0.035844151,1.033333333,26,1430,26,"26","0.037038956",37,"2021","2021","03"
"405",405,2021-03-01,"New Territories West",21.79225806,11.25,0.667974135,0.039292596,1.047478992,34,1870,37,"38","0.041158169",41,"2021","2021","03"
"406",406,2021-04-01,"Hong Kong Island & Kowloon",23.84777778,32.675,1.52797707,0.044940502,1.136032389,68,3740,84,"95","0.051053866",51,"2021","2021","04"
"407",407,2021-04-01,"New Territories East",23.77,25.83333333,1.157391227,0.089030094,1.120486245,26,1430,64,"71","0.099756996",100,"2021","2021","04"
"408",408,2021-04-01,"New Territories West",24.10933333,27.875,0.713623459,0.041977851,1.154964827,34,1870,39,"45","0.048482941",48,"2021","2021","04"
"409",409,2021-05-01,"Hong Kong Island & Kowloon",28.68709677,79.275,3.492517961,0.102721117,1.22570803,68,3740,192,"235","0.125906098",126,"2021","2021","05"
"410",410,2021-05-01,"New Territories East",28.84408602,89.5,1.69399126,0.13030702,1.318537019,26,1430,93,"123","0.17181463",172,"2021","2021","05"
"411",411,2021-05-01,"New Territories West",28.89483871,70.375,1.570014929,0.092353819,1.168142152,34,1870,86,"101","0.107882389",108,"2021","2021","05"
"412",412,2021-06-01,"Hong Kong Island & Kowloon",28.52777778,576.65,4.596058294,0.135178185,1.226465922,68,3740,253,"310","0.165791437",166,"2021","2021","06"
"413",413,2021-06-01,"New Territories East",28.49333333,366.5,2.634180421,0.202629263,1.468577993,26,1430,145,"213","0.297576876",298,"2021","2021","06"
"414",414,2021-06-01,"New Territories West",28.66466667,257.25,2.571960849,0.151291815,1.424518009,34,1870,141,"202","0.215517915",216,"2021","2021","06"
"415",415,2021-07-01,"Hong Kong Island & Kowloon",29.48415771,371.475,2.558,0.075235294,1.136363636,68,3740,141,"160","0.085494652",85,"2021","2021","07"
"416",416,2021-07-01,"New Territories East",29.32580645,375.6666667,1.12,0.086153846,1.261538462,26,1430,62,"78","0.10868639",109,"2021","2021","07"
"417",417,2021-07-01,"New Territories West",29.3184086,219.125,0.917,0.053941176,1.15625,34,1870,50,"58","0.062369485",62,"2021","2021","07"
"418",418,2021-08-01,"Hong Kong Island & Kowloon",28.5655914,341.65,2.845,0.083676471,1.151515152,68,3740,156,"180","0.096354724",96,"2021","2021","08"
"419",419,2021-08-01,"New Territories East",28.44623656,463.3333333,1.258,0.096769231,1.2,26,1430,69,"83","0.116123077",116,"2021","2021","08"
"420",420,2021-08-01,"New Territories West",28.26845622,240.125,1.503,0.088411765,1.0875,34,1870,83,"90","0.096147794",96,"2021","2021","08"
"421",421,2021-09-01,"Hong Kong Island & Kowloon",29.52555556,67.8,1.889,0.055558824,1.121212121,68,3740,104,"116","0.062293227",62,"2021","2021","09"
"422",422,2021-09-01,"New Territories East",29.09444444,125.3333333,0.922,0.070923077,1.123076923,26,1430,51,"57","0.079652071",80,"2021","2021","09"
"423",423,2021-09-01,"New Territories West",29.1,63.25,0.801,0.047117647,1.085714286,34,1870,44,"48","0.051156302",51,"2021","2021","09"
"424",424,2021-10-01,"Hong Kong Island & Kowloon",25.90215054,640.325,0.972,0.028588235,1.055172414,68,3740,53,"56","0.030165517",30,"2021","2021","10"
"425",425,2021-10-01,"New Territories East",25.0688172,576.8333333,0.383,0.029461538,1.2,26,1430,21,"25","0.035353846",35,"2021","2021","10"
"426",426,2021-10-01,"New Territories West",25.27935484,395.875,0.396,0.023294118,1,34,1870,22,"22","0.023294118",23,"2021","2021","10"
"427",427,2021-11-01,"Hong Kong Island & Kowloon",22.08777778,2.825,0.638,0.018764706,1.095454545,68,3740,35,"38","0.020555882",21,"2021","2021","11"
"428",428,2021-11-01,"New Territories East",21.10333333,4.666666667,0.283,0.021769231,1.1,26,1430,16,"17","0.023946154",24,"2021","2021","11"
"429",429,2021-11-01,"New Territories West",21.68,3.75,0.415,0.024411765,1.133333333,34,1870,23,"26","0.027666667",28,"2021","2021","11"
"430",430,2021-12-01,"Hong Kong Island & Kowloon",18.75806452,19.1,0.07,0.002058824,1,68,3740,4,"4","0.002058824",2,"2021","2021","12"
"431",431,2021-12-01,"New Territories East",17.67096774,27.83333333,0,0,1,26,1430,0,"0","0",0,"2021","2021","12"
"432",432,2021-12-01,"New Territories West",18.24193548,33.25,0,0,1,34,1870,0,"0","0",0,"2021","2021","12"
"433",433,2022-01-01,"Hong Kong Island & Kowloon",17.86666667,4.125,0.074,0.002176471,1,68,3740,4,"4","0.002176471",2,"2022","2022","01"
"434",434,2022-01-01,"New Territories East",17.28602151,8.333333333,0.037,0.002846154,1,26,1430,2,"2","0.002846154",3,"2022","2022","01"
"435",435,2022-01-01,"New Territories West",17.84048943,6.25,0.03,0.001764706,1,34,1870,2,"2","0.001764706",2,"2022","2022","01"
"436",436,2022-02-01,"Hong Kong Island & Kowloon",15.27380952,168.775,0.034,0.001,1,68,3740,2,"2","0.001",1,"2022","2022","02"
"437",437,2022-02-01,"New Territories East",14.44047619,183.8333333,0,0,1,26,1430,0,"0","0",0,"2022","2022","02"
"438",438,2022-02-01,"New Territories West",14.90803571,124.5,0.02,0.001176471,1,34,1870,1,"1","0.001176471",1,"2022","2022","02"
"439",439,2022-03-01,"Hong Kong Island & Kowloon",21.40322581,82,0.101,0.002970588,1.166666667,68,3740,6,"6","0.003465686",3,"2022","2022","03"
"440",440,2022-03-01,"New Territories East",21.26989247,119,0.047,0.003615385,1,26,1430,3,"3","0.003615385",4,"2022","2022","03"
"441",441,2022-03-01,"New Territories West",21.37419355,66.125,0.05,0.002941176,1.25,34,1870,3,"3","0.00367647",4,"2022","2022","03"
"442",442,2022-04-01,"Hong Kong Island & Kowloon",23.41333333,4.625,0.717,0.021088235,1.076,68,3740,39,"42","0.022690941",23,"2022","2022","04"
"443",443,2022-04-01,"New Territories East",23.22333333,14.5,0.434,0.033384615,1.146153846,26,1430,24,"27","0.038263905",38,"2022","2022","04"
"444",444,2022-04-01,"New Territories West",24.24756322,3.75,0.318,0.018705882,1.028571429,34,1870,17,"18","0.019240336",19,"2022","2022","04"
"445",445,2022-05-01,"Hong Kong Island & Kowloon",24.85591398,455.05,3.258,0.095823529,1.226470588,68,3740,179,"220","0.11752474",118,"2022","2022","05"
"446",446,2022-05-01,"New Territories East",24.59462366,521.8333333,1.928,0.148307692,1.284615385,26,1430,106,"136","0.190518343",191,"2022","2022","05"
"447",447,2022-05-01,"New Territories West",24.7516129,373.5,1.626,0.095647059,1.211764706,34,1870,89,"108","0.11590173",116,"2022","2022","05"
"448",448,2022-06-01,"Hong Kong Island & Kowloon",28.21111111,351.325,6.618,0.194647059,1.4,68,3740,364,"510","0.272505883",273,"2022","2022","06"
"449",449,2022-06-01,"New Territories East",28.32650794,361.6666667,3.412,0.262461538,1.615384615,26,1430,188,"303","0.423976331",424,"2022","2022","06"
"450",450,2022-06-01,"New Territories West",28.058,242.75,3.389,0.199352941,1.529411765,34,1870,186,"285","0.304892733",305,"2022","2022","06"
"451",451,2022-07-01,"Hong Kong Island & Kowloon",29.81935484,139.825,3.19,0.093823529,1.176470588,68,3740,175,"206","0.110380622",110,"2022","2022","07"
"452",452,2022-07-01,"New Territories East",29.91505376,199.6666667,1.713,0.131769231,1.108692308,26,1430,94,"104","0.146091533",146,"2022","2022","07"
"453",453,2022-07-01,"New Territories West",29.66258065,122,1.299,0.076411765,1.158823529,34,1870,71,"83","0.088547751",89,"2022","2022","07"
"454",454,2022-08-01,"Hong Kong Island & Kowloon",28.62903226,536.275,2.295,0.0675,1.1,68,3740,126,"139","0.07425",74,"2022","2022","08"
"455",455,2022-08-01,"New Territories East",28.48602151,559.6666667,0.96,0.073846154,1.069230769,26,1430,53,"56","0.07895858",79,"2022","2022","08"
"456",456,2022-08-01,"New Territories West",28.24129032,423.75,0.809,0.047588235,1.0875,34,1870,44,"48","0.051752206",52,"2022","2022","08"
